Customer ID,Recency,Frequency,Monetary,Actual,Purchase_Probability
16163.0,202,6,2849.58,0,0.238172
17698.0,231,1,154.95,0,0.03198678
15806.0,16,3,784.58,0,0.32380158
14758.0,115,7,2864.9700000000003,0,0.3530326
16481.0,652,1,453.38,0,0.012822971
13737.0,170,1,339.6,0,0.12904374
12537.0,379,1,732.94,0,0.20800655
15716.0,116,11,3056.81,0,0.48316458
12845.0,237,4,354.09000000000003,0,0.14217648
13711.0,189,9,1792.26,0,0.14057836
17654.0,247,1,117.55,0,0.04284934
13260.0,31,1,557.62,0,0.31843454
16341.0,56,5,3410.81,1,0.33616218
14145.0,17,7,7600.05,0,0.41144443
17639.0,246,6,615.17,0,0.17250006
15777.0,211,7,1762.6100000000001,0,0.13757783
13523.0,3,6,5101.52,0,0.45188963
14660.0,57,2,285.74,0,0.25942463
15637.0,23,5,797.59,0,0.3760762
17169.0,28,3,1156.73,0,0.30623472
13097.0,3,28,13389.22,0,0.8659187
16889.0,165,6,2530.9,0,0.28954616
14658.0,87,1,123.14,1,0.09878428
16188.0,15,5,1087.66,0,0.31995428
17111.0,17,2,476.58,0,0.3084717
12884.0,58,1,309.05,0,0.2183549
15022.0,17,2,634.28,1,0.3698127
16952.0,79,5,798.78,0,0.36098537
17000.0,366,2,406.3,0,0.11408386
12902.0,235,1,138.68,0,0.034731798
13631.0,70,11,3070.42,0,0.4444196
16954.0,30,16,5467.36,1,0.483406
14268.0,441,1,354.85,0,0.017300751
18019.0,22,1,38.45,0,0.1348835
13365.0,4,2,2225.37,0,0.41537237
16436.0,638,3,329.34,0,0.0076216324
13257.0,406,1,149.75,0,0.19182077
16997.0,258,3,702.0,0,0.15605277
12652.0,301,2,1017.0300000000001,0,0.09088379
15792.0,370,2,933.84,0,0.12095374
18110.0,381,1,199.13,1,0.15106376
14762.0,234,2,417.57,0,0.080944635
14174.0,3,1,134.46,0,0.30829325
15987.0,91,7,1437.27,1,0.36990362
18022.0,6,5,1651.79,0,0.43298268
17905.0,41,13,2383.52,0,0.5441032
13714.0,435,1,161.35,0,0.016504498
16636.0,408,4,3802.04,0,0.027554309
14415.0,13,21,10884.47,1,0.90191203
14784.0,294,2,274.62,1,0.14960398
18205.0,6,2,517.36,0,0.41292217
16884.0,8,4,1073.92,0,0.31675422
18227.0,188,2,388.75,0,0.14302579
13673.0,2,1,213.6,1,0.4776535
17869.0,77,7,1036.16,0,0.408882
16942.0,4,8,1658.88,1,0.5454574
13232.0,68,5,1048.3,1,0.3523194
13669.0,21,3,413.55,0,0.19363786
14310.0,403,1,492.1,0,0.04552554
15479.0,703,1,147.4,0,0.02336663
13337.0,516,1,1575.26,0,0.10724106
12989.0,24,30,13067.66,1,0.908005
17629.0,37,8,2033.57,1,0.3401655
18054.0,363,1,176.5,0,0.03699387
16862.0,517,4,662.33,0,0.05652738
15242.0,392,1,302.04,0,0.20175655
16992.0,7,12,5262.05,1,0.6039509
13520.0,29,11,6909.4,0,0.39658648
16465.0,391,2,746.24,0,0.1730342
13131.0,41,6,3012.67,1,0.39777306
15161.0,358,1,119.92,0,0.047470722
14101.0,44,13,9961.93,0,0.5235321
15283.0,360,3,148.32999999999998,0,0.1750184
17484.0,546,2,209.57,0,0.026498634
13007.0,550,1,175.25,0,0.02077484
13708.0,241,1,296.88,0,0.15203358
12409.0,49,7,23419.29,0,0.46765393
12640.0,52,1,764.59,1,0.2703704
16328.0,533,1,310.83,0,0.040680848
18257.0,9,12,4600.15,0,0.62496895
13816.0,34,1,371.69,1,0.19889075
17291.0,278,1,550.8000000000001,0,0.1555729
14006.0,86,7,2196.67,0,0.33338246
13712.0,217,2,766.42,0,0.15976849
17514.0,98,2,542.83,0,0.19631395
17491.0,7,15,5206.65,1,0.66204226
15153.0,1,1,329.25,0,0.50008774
16016.0,6,9,2238.86,1,0.47647905
17165.0,254,6,1794.32,0,0.1272902
14510.0,346,3,1007.28,0,0.106326826
15676.0,5,2,3267.84,1,0.2948298
14740.0,167,11,4161.06,0,0.25900432
13574.0,381,1,421.25,0,0.079549044
17764.0,21,5,1623.64,0,0.34029612
14249.0,381,12,5625.461,0,0.057714757
14017.0,541,1,229.75,0,0.026498634
13757.0,645,1,195.55,0,0.005669919
13846.0,212,3,1106.66,1,0.10134093
17559.0,483,1,167.62,0,0.0094498675
12573.0,197,5,717.41,0,0.1537051
18100.0,520,1,451.56,0,0.049964093
15701.0,38,3,1223.2,1,0.31476107
14307.0,59,10,5071.03,0,0.57304764
16753.0,28,1,223.92000000000002,0,0.1917242
17310.0,357,2,1025.1,0,0.103320524
15690.0,71,1,111.0,1,0.10011631
12402.0,293,6,1256.9,0,0.11985038
18132.0,474,1,226.9,0,0.012091976
17847.0,486,2,129.69,0,0.012231213
15191.0,433,3,588.05,0,0.036986094
16706.0,7,3,531.35,0,0.42360246
16034.0,166,6,928.72,0,0.27601093
12802.0,157,7,2416.42,0,0.29750913
13707.0,237,5,3365.86,0,0.19531155
12359.0,28,10,8935.94,0,0.52755463
16305.0,109,1,361.22,0,0.12854014
12458.0,41,4,1777.49,0,0.3650812
17870.0,2,11,2467.22,1,0.61424243
14949.0,439,4,515.0,0,0.031099245
17579.0,108,3,575.24,1,0.17291006
17043.0,2,8,2616.55,0,0.3814688
13029.0,1,5,1927.3,0,0.17019449
16664.0,539,1,109.2,0,0.06191936
14069.0,485,2,230.06,0,0.012091976
16170.0,21,20,6869.0,0,0.7295365
13425.0,78,5,3403.63,0,0.2760088
12991.0,82,2,564.62,1,0.19261797
15394.0,48,10,4957.4,1,0.5965715
16115.0,11,11,2426.13,1,0.523095
15894.0,223,2,420.29,0,0.080944635
17964.0,2,2,733.46,0,0.4738796
13965.0,447,3,996.61,0,0.01358353
17920.0,3,49,23522.7,1,0.984874
13307.0,90,3,273.34,0,0.21570902
13494.0,282,1,316.26000000000005,0,0.1180386
15573.0,2,5,1207.18,0,0.57843757
16680.0,13,3,821.45,0,0.36340737
12778.0,33,8,1617.44,1,0.41838902
13460.0,20,1,107.46000000000001,1,0.17715538
13988.0,14,7,4295.36,1,0.34065595
15642.0,700,1,105.78,0,0.012997524
15616.0,408,1,317.11,0,0.038061596
13570.0,213,1,239.49,0,0.19433413
15948.0,14,2,1198.09,1,0.4079409
17258.0,367,2,417.3,0,0.07527615
13412.0,590,1,487.35,0,0.107715786
17949.0,13,112,115033.36,1,0.9796581
14317.0,35,1,508.58,0,0.2711967
12569.0,6,22,2966.65,1,0.8140177
18131.0,602,1,222.95999999999998,0,0.013900732
17716.0,46,22,15303.29,1,0.86619973
17262.0,22,11,2757.62,0,0.50658125
13762.0,189,5,2472.48,0,0.238172
17054.0,108,4,1207.32,1,0.22537144
12435.0,50,6,13925.93,0,0.6659422
13117.0,92,17,2500.67,1,0.52654314
13305.0,63,14,3225.1,1,0.71370775
13575.0,29,4,624.62,1,0.31409985
16738.0,268,1,3.75,0,0.039386842
15592.0,17,1,388.58,0,0.33709338
15358.0,5,40,16220.35,1,0.96286356
17190.0,29,7,1743.04,0,0.34243336
17994.0,92,11,2313.32,0,0.5210152
14888.0,177,1,369.2,0,0.13098882
17937.0,1,6,3940.92,1,0.19796258
14507.0,10,10,3046.83,1,0.6416681
13733.0,381,2,487.03000000000003,0,0.12920628
13979.0,43,7,3416.23,0,0.3476245
13679.0,464,3,281.26,0,0.02069144
16722.0,21,21,8679.72,1,0.839375
17673.0,37,12,4121.11,1,0.52881885
18219.0,13,16,3320.52,1,0.6603103
14761.0,29,3,447.92,0,0.22311576
17676.0,28,9,2418.2400000000002,1,0.42772353
17463.0,19,6,2359.6,1,0.3925081
12571.0,10,2,519.61,0,0.41292217
14518.0,34,1,174.37,0,0.14808154
16183.0,37,4,1077.81,0,0.32931626
16720.0,346,2,640.24,1,0.18025865
13069.0,23,36,9246.8,1,0.907246
12638.0,3,2,921.49,0,0.48771986
13217.0,92,4,666.48,0,0.2653136
14220.0,217,4,1515.0,0,0.1448577
17554.0,29,3,1460.03,1,0.25888598
13311.0,120,1,490.11,1,0.19181107
17779.0,58,2,489.51,1,0.22062628
15255.0,37,9,3729.42,0,0.40838566
14531.0,450,1,376.34,0,0.015523508
16845.0,588,1,253.88,0,0.032150872
13876.0,34,1,122.7,0,0.07137685
15603.0,49,2,88.48,0,0.115855224
12520.0,49,5,2634.26,0,0.34766117
17969.0,136,20,2369.94,0,0.43056822
17501.0,191,2,288.6,0,0.16356547
13812.0,12,3,539.0,0,0.4069826
17489.0,29,2,376.64,0,0.18383276
16177.0,20,8,2247.31,0,0.38641882
13273.0,83,1,138.98,0,0.18482783
16817.0,3,12,2587.57,1,0.5943643
16745.0,57,17,7194.3,0,0.5339918
13546.0,23,4,883.43,1,0.40419585
16959.0,57,1,117.35000000000001,0,0.08949444
16054.0,115,4,2111.88,0,0.2531157
15898.0,197,24,5210.42,1,0.22220531
12524.0,34,16,10818.31,1,0.6316078
14432.0,8,4,1390.06,1,0.4063118
14193.0,38,3,1210.19,0,0.31476107
12868.0,156,8,2247.06,0,0.31268626
15873.0,470,4,313.91999999999996,0,0.015751401
17590.0,10,1,349.38,1,0.5396078
12611.0,22,1,1193.32,0,0.3090229
13072.0,237,1,177.15,0,0.031233126
16011.0,14,27,5230.34,1,0.7621441
14217.0,10,20,3077.05,1,0.7725115
16032.0,426,6,1970.45,0,0.040575698
15492.0,44,1,487.74,1,0.24706388
13299.0,238,3,1218.7,0,0.07093955
14520.0,261,1,165.0,1,0.03198678
14778.0,97,2,730.86,0,0.19676462
12352.0,6,10,2849.84,0,0.62817585
18064.0,103,11,4495.03,0,0.45656273
13101.0,204,4,695.4,0,0.17001282
16388.0,624,1,186.05,0,0.005130668
17825.0,569,4,731.96,0,0.0385167
12672.0,300,2,437.05,0,0.09269404
16963.0,157,1,110.55000000000001,0,0.17043255
12504.0,387,2,297.0,1,0.102625884
16191.0,22,21,14589.76,1,0.88962924
16620.0,231,5,1675.73,1,0.1588132
18089.0,417,1,428.45,0,0.049713686
13835.0,23,6,1003.61,1,0.43372405
17928.0,15,3,341.24,0,0.3767217
14539.0,15,1,72.13,1,0.12363622
13778.0,73,4,1124.49,0,0.21572135
12513.0,83,1,612.29,0,0.1735237
15230.0,209,2,429.6,0,0.08919578
15667.0,10,1,301.32000000000005,0,0.60114855
16634.0,193,6,1814.6100000000001,0,0.13680284
15555.0,4,34,11329.33,1,0.9129163
17186.0,17,2,144.0,0,0.29671183
13246.0,146,10,3261.12,1,0.5707073
13609.0,563,1,167.35,0,0.020395769
14954.0,673,1,167.27,1,0.0050598686
14118.0,399,1,458.45,0,0.028924333
16903.0,350,2,689.04,1,0.19591899
16568.0,398,2,1020.9,0,0.016578548
15778.0,401,1,307.95000000000005,0,0.03197263
16708.0,16,1,656.63,0,0.34830147
13954.0,41,1,227.41,1,0.22385044
14565.0,66,5,3859.2200000000003,0,0.26142454
16774.0,38,8,1594.45,0,0.44970003
12668.0,229,9,10562.0,1,0.26051977
13271.0,7,1,217.38,0,0.41126958
16596.0,336,3,450.13,1,0.13985497
12869.0,652,1,337.66999999999996,0,0.0074142944
16441.0,37,5,1034.43,0,0.46553978
17630.0,140,2,503.6,0,0.19181107
12890.0,357,1,336.8,1,0.10549859
16493.0,50,7,2132.09,0,0.3650216
15891.0,197,1,524.52,0,0.15366712
15304.0,31,9,919.55,0,0.36218736
15187.0,1,10,2993.06,1,0.15438198
17571.0,20,5,1703.75,0,0.33343878
17850.0,342,155,56600.08,0,0.43183887
14066.0,237,1,152.55,0,0.06262877
12428.0,90,8,7548.12,1,0.42125353
13856.0,139,11,1142.03,0,0.5786957
14567.0,27,2,1530.3600000000001,0,0.3015588
16815.0,424,2,410.97,0,0.10147982
14122.0,376,3,362.42,0,0.09590939
17635.0,394,3,1265.58,0,0.024549913
17290.0,352,6,976.2,1,0.09624831
15872.0,349,2,434.75,1,0.10597978
17796.0,10,7,1361.99,0,0.45954984
17322.0,346,5,922.59,0,0.13063633
15794.0,706,2,777.0,0,0.018449787
17129.0,490,1,31.85,0,0.014746977
14454.0,346,5,977.3000000000001,0,0.10951655
16237.0,407,1,136.65,0,0.031222971
17859.0,275,1,148.21,0,0.07308391
16667.0,38,2,570.13,0,0.30145687
16254.0,348,3,985.14,0,0.10989691
13279.0,48,1,137.75,0,0.16903299
15881.0,282,5,501.39,0,0.16612887
14922.0,364,2,843.74,0,0.18142156
16968.0,78,1,253.31,1,0.18460779
14598.0,14,2,384.03999999999996,0,0.30405495
16280.0,695,1,238.05,0,0.005760031
14521.0,461,1,199.45000000000002,0,0.01184358
15713.0,113,4,1010.79,0,0.26016682
16196.0,459,1,93.3,0,0.014150072
15549.0,47,8,2345.96,0,0.41264442
12923.0,34,3,789.87,0,0.3166204
16141.0,58,2,955.94,0,0.26532543
17515.0,1,9,1617.46,0,0.2408477
12398.0,16,1,1635.6599999999999,0,0.3247608
13088.0,387,1,236.11,0,0.1255967
15301.0,21,17,7603.4400000000005,0,0.71826726
15782.0,20,3,3563.7,1,0.3776243
17616.0,144,4,1060.8,0,0.19394438
16312.0,402,1,171.15,0,0.023313975
14080.0,3,5,1115.68,0,0.4689885
13204.0,701,1,966.6600000000001,0,0.01636927
15984.0,41,28,8013.61,1,0.63740075
16572.0,97,3,1009.6,0,0.20362209
13674.0,403,1,240.68,0,0.03446405
14486.0,482,2,175.5,0,0.009201455
13013.0,6,27,12033.02,1,0.7911198
15476.0,350,4,2209.98,0,0.1474381
13872.0,497,3,919.57,0,0.09558934
13110.0,1,12,2957.4700000000003,0,0.1723583
14164.0,41,2,1631.77,0,0.34084964
15584.0,18,5,1133.44,1,0.38397437
14989.0,632,1,342.4,0,0.0074142944
15112.0,581,1,209.4,0,0.027683327
12525.0,468,3,973.73,0,0.01358353
17239.0,283,4,1189.45,0,0.08721457
16971.0,8,1,357.21,0,0.5396078
16505.0,2,1,777.6,0,0.49407086
16805.0,144,5,1097.24,0,0.27124983
14589.0,342,1,79.5,0,0.07695335
16939.0,459,3,449.0,0,0.023284359
15878.0,532,2,330.77,0,0.034266572
16409.0,6,12,5709.04,0,0.6044522
16004.0,445,5,2146.39,0,0.018315637
14682.0,158,6,1514.81,0,0.2586368
17183.0,3,4,2185.6,1,0.43329874
14816.0,167,1,271.85,0,0.17885987
14048.0,275,3,748.69,0,0.16705538
13630.0,46,6,1799.78,1,0.3310647
14932.0,336,2,1029.66,0,0.10629393
17142.0,209,4,1283.75,0,0.10115779
16357.0,3,4,868.37,0,0.51348686
13663.0,149,5,2047.51,0,0.32816464
14942.0,372,4,746.56,0,0.14286144
15176.0,638,1,988.0400000000001,0,0.01636927
15314.0,169,3,820.45,0,0.17145702
17525.0,330,3,1161.9,0,0.088740975
13855.0,471,4,1310.3400000000001,0,0.011741031
13222.0,547,1,88.5,0,0.035156183
18077.0,4,17,4083.2200000000003,1,0.61817074
18092.0,9,17,15617.6,1,0.7402298
12348.0,45,5,2019.3999999999999,0,0.33023864
12538.0,348,1,276.5,1,0.18203543
14460.0,80,9,1093.5,0,0.44661948
18143.0,87,2,1000.16,0,0.21524087
15375.0,660,1,60.959999999999994,0,0.009919803
16057.0,66,9,3135.96,1,0.35159728
17072.0,595,1,282.05,0,0.025585786
15940.0,281,1,35.8,0,0.041461468
17175.0,14,4,1443.69,0,0.42115206
13448.0,50,12,8190.55,1,0.5837569
14568.0,405,1,919.7,0,0.02081579
17386.0,69,6,1823.69,1,0.3115499
14388.0,5,15,6229.02,1,0.62811625
15125.0,31,23,16666.87,1,0.54706967
15848.0,592,1,139.94,0,0.108585574
13942.0,505,1,320.0,0,0.07352283
16585.0,564,2,341.59000000000003,0,0.03565372
16551.0,66,7,2237.12,0,0.32686958
18198.0,1,16,5107.110000000001,1,0.43517223
14770.0,202,8,3637.6400000000003,0,0.26869267
12726.0,56,10,3230.14,1,0.5848623
14408.0,65,10,3801.55,1,0.6857124
17544.0,360,3,960.69,0,0.10921333
13141.0,55,17,7668.58,0,0.616375
15371.0,632,1,59.400000000000006,0,0.010077725
12629.0,356,2,1558.22,0,0.08882958
16624.0,51,2,810.57,0,0.24709404
12515.0,323,1,383.7,0,0.07473487
12918.0,596,1,10953.5,0,0.06436017
13050.0,16,33,11632.18,1,0.89528793
16424.0,161,2,443.06,0,0.14662299
17684.0,14,1,239.41,0,0.4479376
12656.0,43,7,5822.08,1,0.2827359
14815.0,7,2,778.5,0,0.42075515
16102.0,12,3,1842.14,0,0.3162499
16197.0,439,9,2016.71,0,0.028669441
13038.0,50,3,908.46,0,0.34389913
15889.0,127,8,1806.28,0,0.314174
15019.0,237,1,266.0,0,0.13745096
14745.0,83,12,2571.81,0,0.5459215
14223.0,62,3,991.13,0,0.23307441
16716.0,237,3,2149.6800000000003,0,0.13611114
13162.0,92,16,9275.49,0,0.4926417
16540.0,384,1,226.70000000000002,0,0.15049362
15926.0,512,1,134.44,0,0.046853784
14918.0,86,9,5955.81,0,0.26530594
15851.0,497,1,109.73,0,0.14248423
16506.0,10,1,55.2,1,0.14456019
14098.0,7,1,147.35,0,0.40797433
14427.0,20,4,1263.52,0,0.30800036
14106.0,707,1,214.8,0,0.005724889
16362.0,2,6,946.94,0,0.6542556
16474.0,21,5,1398.49,1,0.3577876
13998.0,417,3,566.7,0,0.057666916
14706.0,589,1,390.69,0,0.052438166
13608.0,511,1,236.2,0,0.042480793
13193.0,31,1,117.88,0,0.06742679
16419.0,83,8,1487.42,0,0.6118913
17173.0,13,5,1924.32,1,0.4444793
13956.0,24,4,869.92,1,0.38760528
12494.0,10,8,1710.3700000000001,1,0.5197237
13777.0,28,56,47476.11,1,0.97882473
15388.0,240,1,140.54,0,0.09756961
15536.0,379,1,259.09,0,0.18889318
13019.0,349,6,1229.95,0,0.086767085
17266.0,118,3,320.15,1,0.18812601
16239.0,27,6,1492.2,0,0.40040538
12956.0,276,4,521.89,0,0.14314005
18048.0,173,3,401.73,0,0.17043962
12952.0,13,3,1090.06,1,0.29995355
17919.0,58,2,1840.3200000000002,0,0.22445147
14705.0,169,1,179.0,0,0.09813217
15507.0,142,1,492.36,0,0.18132216
16187.0,2,15,6911.4400000000005,0,0.672722
14657.0,125,5,1251.59,1,0.27858937
13075.0,100,1,919.61,0,0.19844037
17963.0,441,4,651.51,0,0.018095128
14018.0,615,1,367.15,0,0.024633955
16276.0,147,3,2629.3900000000003,0,0.17065911
17389.0,3,56,47124.38,1,0.9863614
17832.0,20,1,155.37,0,0.22084829
17216.0,524,1,65.05,0,0.047104802
18034.0,346,1,370.82,1,0.085689664
17326.0,378,2,321.95,0,0.11186209
12621.0,23,33,22977.33,1,0.7888835
16371.0,419,1,157.2,0,0.08384816
15509.0,350,1,166.51,0,0.060423777
15101.0,329,5,1262.69,1,0.13718215
14652.0,47,1,114.18,0,0.08155991
15326.0,304,5,1700.52,0,0.12301766
16737.0,23,2,835.2,0,0.317282
13972.0,41,2,190.25,0,0.17769262
16274.0,343,1,715.9,0,0.19591899
13429.0,20,3,693.0,1,0.29711115
14629.0,17,1,604.83,1,0.32100713
17363.0,365,3,940.86,0,0.11639072
12722.0,55,4,997.63,0,0.35154554
12643.0,98,12,8350.42,0,0.51466095
13039.0,554,4,1010.73,0,0.03562781
16700.0,51,23,8514.78,1,0.84773344
14723.0,6,10,1770.99,1,0.6725705
15273.0,570,1,228.96,0,0.027683327
14034.0,127,2,473.90999999999997,1,0.18276069
12580.0,217,2,1052.9,0,0.07649514
14065.0,359,3,891.02,0,0.12175362
13234.0,643,2,356.95,0,0.0074142944
13848.0,62,8,3335.0,0,0.4379741
15446.0,347,3,406.95,0,0.11350829
16687.0,361,1,157.63,0,0.048299834
18280.0,248,2,488.15000000000003,0,0.115944706
17954.0,38,18,3673.09,1,0.5664753
14534.0,36,23,5605.12,1,0.8361875
17664.0,182,3,887.7800000000001,1,0.10771604
13810.0,26,2,1253.0,1,0.27222514
15860.0,11,17,2505.21,0,0.58872724
16247.0,140,1,114.56,0,0.06573426
14747.0,219,1,328.2,0,0.10215031
17589.0,30,18,14049.87,0,0.65102166
16552.0,213,2,475.02,0,0.1232855
14412.0,13,3,1426.19,0,0.37976983
13317.0,36,19,6486.091,0,0.86368704
14129.0,66,7,2193.71,1,0.32686958
16965.0,197,1,201.19,0,0.122086935
12759.0,22,8,5020.74,0,0.42211318
14938.0,532,2,2322.43,0,0.038044997
16518.0,31,4,959.37,0,0.39301494
14455.0,402,4,628.21,0,0.024011813
14554.0,22,1,351.83,1,0.24649414
16796.0,59,1,305.62,0,0.46331796
14704.0,9,8,1401.52,1,0.6162806
13302.0,125,2,159.2,0,0.088484526
17309.0,65,3,330.59,0,0.2000002
15092.0,185,3,776.46,0,0.15105169
14699.0,184,4,702.6,0,0.15664177
14285.0,8,7,2928.44,1,0.43322927
17325.0,250,3,609.5699999999999,0,0.13466138
18199.0,654,1,344.75,0,0.0074142944
12754.0,206,3,3010.74,0,0.15714361
18085.0,300,4,1645.75,0,0.08372208
16138.0,349,3,910.35,0,0.12250491
13612.0,603,1,818.29,0,0.022777447
13959.0,49,6,1076.18,0,0.32443318
13598.0,17,5,789.59,0,0.44873035
15244.0,35,3,912.08,0,0.35254523
13607.0,10,2,1078.31,0,0.30574092
14738.0,13,9,1821.9,0,0.49243605
14992.0,412,1,210.5,0,0.035747863
15547.0,10,25,9631.98,1,0.90497404
17090.0,22,12,2925.44,1,0.5324287
16442.0,198,4,719.71,1,0.16339692
17106.0,359,1,491.23,0,0.13574429
13896.0,596,1,388.55,0,0.0238933
17946.0,203,2,149.57999999999998,0,0.11541836
16747.0,8,2,836.0600000000001,0,0.4317432
17465.0,396,7,2542.79,0,0.05033177
14201.0,30,10,1193.54,0,0.46492788
16486.0,508,1,134.36,0,0.046853784
15091.0,38,3,1046.6100000000001,0,0.35873774
18281.0,151,2,201.14,0,0.14456996
13587.0,34,4,1673.5,0,0.3378756
15689.0,90,3,521.03,0,0.28191808
12962.0,83,1,170.54,1,0.12857157
16044.0,405,1,340.84000000000003,0,0.034446023
15550.0,76,11,2076.45,1,0.3704074
16569.0,601,4,1331.03,1,0.025895564
13548.0,66,3,908.99,0,0.2141573
14869.0,73,5,2469.85,1,0.2760088
16661.0,510,4,986.63,0,0.03425995
13573.0,20,6,916.47,0,0.42837298
12372.0,42,3,1298.04,0,0.22859097
13827.0,28,3,412.05,0,0.22641395
13067.0,52,3,508.51,0,0.22755313
15952.0,4,4,806.57,0,0.43264294
13601.0,15,4,1185.14,0,0.37640855
17540.0,286,5,1280.5,1,0.11985038
14498.0,13,10,3911.27,0,0.62920415
17148.0,22,1,124.88,0,0.08247296
16379.0,7,2,1302.68,1,0.38552245
15038.0,29,9,1309.86,0,0.34241953
17891.0,132,1,203.85999999999999,0,0.13484918
15451.0,404,2,233.21,0,0.032998316
18105.0,8,1,113.48000000000002,0,0.10592898
13568.0,143,1,192.85,0,0.091499545
15459.0,387,2,202.83,0,0.12492229
16447.0,106,3,775.14,0,0.18323886
15678.0,23,3,1893.89,0,0.30685723
13433.0,471,4,658.32,0,0.018095128
17460.0,64,16,2228.27,0,0.35195085
17189.0,76,5,957.63,0,0.35779333
17396.0,9,14,8807.1,0,0.77675873
14988.0,182,7,2066.6,0,0.16894844
14796.0,27,25,10060.630000000001,1,0.8732158
14743.0,563,1,50.480000000000004,0,0.038741365
15287.0,41,4,710.32,1,0.3397722
17817.0,247,5,689.87,1,0.19852325
17332.0,498,5,838.27,0,0.06701911
15776.0,103,1,241.62,0,0.22543286
14750.0,706,1,112.03,0,0.008627758
16234.0,446,3,333.18,0,0.017779607
13741.0,42,3,668.4300000000001,0,0.27624005
16977.0,365,4,496.0,0,0.09977594
16325.0,17,12,3597.5,0,0.5418795
17174.0,188,1,59.9,0,0.04263451
14497.0,279,2,697.0600000000001,0,0.15496667
17438.0,224,5,1422.77,0,0.13591167
12645.0,4,8,3539.3,0,0.39164653
17370.0,43,4,446.18,0,0.2287044
16233.0,41,9,1965.71,0,0.3401655
13549.0,34,7,919.8000000000001,1,0.46147603
18226.0,14,26,11878.88,0,0.9204017
16856.0,388,2,323.09000000000003,1,0.078683004
13877.0,56,3,449.68,0,0.20669319
15269.0,350,2,816.5600000000001,1,0.1842754
17493.0,355,1,100.91,0,0.035060782
15640.0,6,27,21884.24,1,0.8738437
14731.0,17,3,380.02,0,0.2681369
14805.0,23,5,803.89,1,0.34712577
15918.0,161,3,582.88,0,0.15722883
13329.0,2,8,5112.97,0,0.37090942
16460.0,43,2,512.1,1,0.30166373
16250.0,231,3,791.38,0,0.15058175
17110.0,135,3,510.7,0,0.20474668
17864.0,59,4,807.54,1,0.4475832
18012.0,693,1,115.3,0,0.008627758
17462.0,30,2,675.69,0,0.28288993
16897.0,269,2,289.78,0,0.13348562
16649.0,490,1,306.58,0,0.016038017
12589.0,115,7,4180.48,1,0.31022352
18185.0,219,1,304.25,0,0.15659939
14159.0,11,19,7090.19,1,0.8027827
12888.0,184,2,354.12,0,0.10798643
13500.0,6,3,968.33,1,0.41910064
12690.0,176,1,389.01,0,0.18022777
16520.0,156,6,2482.62,0,0.2778052
14775.0,28,3,1418.46,0,0.29243118
16694.0,693,1,98.30000000000001,0,0.0074103517
15568.0,15,2,422.52,1,0.3563606
12475.0,24,2,1149.64,0,0.27222514
16126.0,72,14,12065.73,1,0.6312742
17077.0,548,1,306.0,0,0.044016656
17634.0,6,9,2361.9700000000003,0,0.47647905
13958.0,350,8,4709.2300000000005,0,0.13017848
13185.0,238,1,71.4,0,0.035212383
12707.0,262,1,603.42,0,0.13370058
17172.0,49,3,956.5699999999999,0,0.34182543
14802.0,408,2,1502.98,0,0.025341166
17176.0,172,3,902.3199999999999,0,0.22673021
16136.0,30,4,946.8000000000001,0,0.39301494
15440.0,25,3,383.68,0,0.19296291
17246.0,517,2,38.92,0,0.04025892
12423.0,71,9,2413.75,1,0.30369273
16028.0,566,1,82.2,0,0.03801539
13540.0,437,3,632.39,0,0.0369109
15461.0,431,2,429.7,0,0.026039477
17065.0,608,2,194.7,0,0.013407948
14953.0,388,3,723.95,1,0.09698147
12887.0,354,1,222.4,0,0.16344139
16803.0,35,1,332.3,0,0.2706748
17740.0,359,6,426.90000000000003,0,0.12146072
16318.0,5,1,328.15000000000003,0,0.45867732
13788.0,475,1,3.75,0,0.014746977
14359.0,13,2,785.48,1,0.4437429
17757.0,2,50,7973.18,1,0.98819983
16838.0,167,4,1159.6100000000001,0,0.17520452
14154.0,209,8,6460.7,0,0.28261244
15486.0,497,1,102.0,0,0.13926038
17537.0,273,1,630.7,1,0.13884433
17560.0,65,8,1895.8,0,0.34460032
17819.0,42,12,6612.52,0,0.46390384
12914.0,371,1,223.98,0,0.18679115
14247.0,248,5,772.66,0,0.2074677
12913.0,253,11,5083.62,1,0.21336706
17762.0,426,1,129.75,0,0.035553798
13860.0,22,3,617.8100000000001,1,0.32358304
16348.0,2,8,1798.22,0,0.38287455
12499.0,530,1,393.72,0,0.046845723
16181.0,43,1,305.54,0,0.367628
15163.0,162,1,155.0,1,0.07848711
14020.0,58,3,937.35,1,0.2720526
13461.0,9,6,4160.0,0,0.32700345
15814.0,6,5,2266.3,1,0.42994937
16110.0,15,4,1819.27,0,0.4106342
17669.0,13,10,6142.35,0,0.58963615
17028.0,551,3,1593.83,0,0.069087334
14372.0,413,2,860.08,0,0.037324462
17225.0,552,1,131.15,0,0.040393207
14374.0,511,1,108.0,0,0.08379862
13393.0,554,4,1131.45,0,0.0359984
12684.0,34,5,1627.24,1,0.3319364
18151.0,105,6,1879.44,0,0.25943658
13936.0,150,3,939.6600000000001,0,0.18279192
18282.0,96,1,100.21000000000001,1,0.17315415
16430.0,27,7,1117.94,0,0.36148837
17659.0,29,12,2797.2200000000003,1,0.44359064
13967.0,116,2,166.3,0,0.091700174
17002.0,56,7,2571.55,0,0.35625425
16415.0,14,3,719.44,0,0.40074113
13894.0,280,1,160.85,1,0.03198678
16852.0,146,1,113.06,1,0.06573426
16794.0,17,11,1700.8899999999999,1,0.607405
12432.0,13,5,5059.32,0,0.50620157
14068.0,290,4,1528.3700000000001,0,0.08372208
13340.0,15,12,22100.56,0,0.4395454
15076.0,143,3,1447.74,0,0.13027522
13293.0,362,6,1192.94,0,0.0775825
13177.0,35,2,512.2,0,0.2937844
16657.0,119,2,446.11,1,0.19506979
17177.0,475,1,119.5,0,0.01348748
14485.0,9,1,165.75,0,0.5273883
13763.0,33,3,5217.44,0,0.18739009
17533.0,405,1,34.8,0,0.032230485
12369.0,383,3,1791.15,0,0.06660434
14099.0,13,19,5551.91,1,0.8946985
16599.0,356,1,172.8,0,0.04703926
17354.0,21,4,3143.46,0,0.34361792
17194.0,244,3,812.5,0,0.14634722
14290.0,26,7,4252.03,1,0.26037946
18031.0,349,1,462.1,0,0.1307378
14299.0,28,25,13684.42,1,0.91838866
12779.0,8,14,6722.2699999999995,0,0.7584736
14256.0,230,5,2473.9900000000002,0,0.35446784
16128.0,7,10,3611.4100000000003,1,0.6585052
13617.0,10,8,1278.75,0,0.5257353
17471.0,445,1,321.65000000000003,0,0.019152377
17347.0,56,1,228.96,0,0.20726094
14121.0,30,1,233.1,1,0.20722125
13869.0,93,10,8111.57,0,0.55380803
16790.0,2,3,1135.75,1,0.4386391
12945.0,258,2,900.11,0,0.106573835
15941.0,607,1,405.0,0,0.028632078
17045.0,83,5,827.6800000000001,0,0.3993349
15271.0,7,22,4334.32,1,0.8713415
13806.0,34,1,256.38,0,0.27321422
18181.0,370,4,823.14,1,0.12470337
18045.0,15,1,189.4,0,0.296918
13102.0,12,34,10931.79,1,0.9200069
17042.0,91,4,922.8199999999999,1,0.33609292
17200.0,357,4,356.71,0,0.11638783
16139.0,82,4,782.11,1,0.2736044
13010.0,344,2,330.12,0,0.09800552
14234.0,15,2,452.34,1,0.37698445
13929.0,139,11,3494.1,0,0.50428873
17234.0,153,1,149.89,0,0.14799997
13128.0,601,1,263.5,0,0.014338654
16029.0,9,107,122209.14,0,0.98711
15800.0,77,7,1242.58,0,0.31619874
14902.0,366,2,702.96,1,0.17184581
15247.0,92,3,976.06,0,0.22943243
12895.0,12,2,372.8,0,0.2969927
16742.0,17,14,2852.61,0,0.68342346
14749.0,450,1,310.15,0,0.016038017
13068.0,290,1,165.0,1,0.03198678
16455.0,34,11,4384.37,0,0.4638176
13981.0,386,1,331.14,0,0.068221144
15193.0,31,1,499.32,0,0.2626128
15322.0,56,2,1390.86,0,0.20748334
16286.0,447,2,328.95,0,0.01701169
13147.0,1,3,475.2,1,0.2339393
16182.0,42,9,9971.65,0,0.3943537
13506.0,286,5,1639.2,0,0.117233105
16692.0,226,4,1914.6999999999998,0,0.15128851
18263.0,126,2,811.4,1,0.1480095
17211.0,18,12,3613.65,1,0.56881356
15472.0,83,1,371.56,0,0.13219559
16359.0,35,15,2587.02,1,0.58322346
14540.0,46,10,3480.61,1,0.56571573
18106.0,300,6,1461.46,0,0.17638126
12844.0,100,3,497.52,1,0.19557405
17141.0,388,4,754.33,0,0.071614355
12481.0,36,14,12174.59,1,0.6929732
16633.0,9,5,2235.16,1,0.42994937
17086.0,1,4,1252.06,1,0.104026936
12826.0,42,10,2533.65,1,0.526301
15119.0,216,1,266.4,0,0.15472132
15755.0,44,16,5705.61,1,0.5106254
14927.0,367,1,308.2,0,0.09359385
17582.0,206,5,1450.7,0,0.20461138
17737.0,28,1,87.39,1,0.066170834
17693.0,107,1,200.47,0,0.14066872
13371.0,475,2,2297.66,0,0.029194437
18212.0,296,2,546.72,0,0.1555729
13542.0,347,17,4006.17,0,0.11197749
13083.0,46,2,284.07,1,0.2748155
18273.0,66,3,306.0,1,0.2581707
14344.0,97,20,3333.7000000000003,0,0.52424127
12600.0,54,20,4664.34,1,0.86989844
17656.0,43,5,1674.69,0,0.31955627
13061.0,42,1,248.61,0,0.28927666
17505.0,131,5,2435.48,0,0.32176378
14277.0,182,7,14647.039999999999,1,0.25664863
13280.0,92,7,2322.63,0,0.3362965
13244.0,63,1,121.74000000000001,0,0.08854685
16872.0,47,6,1213.13,0,0.33642083
17665.0,463,1,563.1,0,0.029441085
15867.0,40,29,8558.93,1,0.78074306
12739.0,48,4,2726.73,0,0.34587577
16779.0,2,48,30668.38,1,0.9428478
15489.0,28,7,2076.23,1,0.38725564
17658.0,181,1,317.6,1,0.1729999
16263.0,393,1,351.01,0,0.02956948
16864.0,404,2,409.25,0,0.042932328
15369.0,462,11,6251.26,0,0.02664338
13055.0,48,4,2321.11,0,0.34587577
17601.0,209,2,421.48,0,0.08919578
13166.0,253,2,884.18,0,0.106573835
12708.0,3,17,5281.1,1,0.6144294
13551.0,289,2,244.2,0,0.1482511
13370.0,342,1,1509.74,0,0.0992297
17004.0,16,4,2425.16,0,0.38467506
15330.0,2,2,714.9599999999999,0,0.4590478
14956.0,391,1,1325.0,0,0.12344021
14894.0,55,3,1492.81,0,0.2152877
16822.0,656,1,181.39,0,0.0050598686
18051.0,604,7,2282.28,0,0.14496846
16957.0,209,2,416.64,0,0.08919578
15551.0,7,7,1710.08,0,0.46647403
13058.0,28,2,137.70000000000002,1,0.14350916
15553.0,30,1,437.23,0,0.22799006
15856.0,15,46,31109.64,1,0.95363104
13229.0,196,1,160.95,0,0.03399544
14951.0,49,1,311.69,0,0.2701603
15719.0,3,31,10223.06,0,0.93647385
13375.0,59,2,1792.23,0,0.3929116
13922.0,322,3,865.2,0,0.10768648
12413.0,37,4,999.45,0,0.4395011
16485.0,47,5,2294.68,0,0.34766117
15775.0,215,2,150.5,0,0.11595867
17139.0,9,24,19115.94,1,0.9214658
13545.0,361,2,374.64,0,0.08819931
13859.0,296,2,515.86,0,0.12365338
15895.0,120,1,179.17,0,0.088827066
17398.0,85,3,653.38,0,0.21277003
12417.0,9,19,6447.18,1,0.9017592
16363.0,23,1,109.36000000000001,0,0.16995488
12716.0,103,1,677.9,1,0.15626168
14618.0,308,5,1000.6800000000001,1,0.12199231
12555.0,652,1,129.23,0,0.008321959
15384.0,140,4,2027.79,0,0.23047237
14644.0,38,7,2247.72,0,0.4361185
16326.0,4,22,4265.6,1,0.79494125
14656.0,139,5,814.65,0,0.28296503
14683.0,558,1,146.56,0,0.16169864
16397.0,598,1,127.88,0,0.02139612
15438.0,101,1,156.57999999999998,0,0.13233864
15170.0,377,1,81.15,0,0.030779367
18270.0,8,3,444.55,0,0.44655034
13467.0,6,1,782.46,1,0.44698676
17648.0,31,5,2216.37,0,0.3364441
13595.0,487,3,818.22,0,0.013048763
14792.0,34,1,6.2,0,0.081951715
12562.0,26,7,3692.65,1,0.4175093
14333.0,38,1,415.2,0,0.21860959
16487.0,547,2,209.4,0,0.026498634
17541.0,480,1,124.46,0,0.012385849
16277.0,704,1,188.69,0,0.005130668
14055.0,76,3,1520.96,0,0.16217612
14377.0,161,2,617.05,0,0.14760569
18157.0,541,1,215.35,0,0.026498634
13165.0,16,3,1451.1599999999999,0,0.28431016
13789.0,358,1,239.46,0,0.16410825
13668.0,2,32,12001.08,1,0.94290787
15447.0,301,5,492.88,0,0.16612887
17401.0,511,1,114.85,0,0.04494821
13883.0,189,14,5628.32,1,0.10324849
16623.0,216,4,1015.24,0,0.11135692
18222.0,63,1,443.0,0,0.17935033
16537.0,611,1,23.35,0,0.030180855
14616.0,213,5,527.78,0,0.17507794
15841.0,43,9,2742.41,0,0.3912667
14875.0,78,3,2862.4,0,0.17043377
13345.0,258,1,389.5,0,0.11594894
16911.0,606,2,255.25,0,0.015005738
17785.0,23,3,403.38,0,0.2536124
15532.0,101,9,3416.76,1,0.36512363
13470.0,69,2,165.0,0,0.1375338
12492.0,33,3,715.21,0,0.32655174
14972.0,98,2,145.07,0,0.19568191
13533.0,153,3,270.79,0,0.1714376
13817.0,322,1,128.7,1,0.048970714
14977.0,696,1,31.93,0,0.0073015713
12932.0,509,8,1698.56,0,0.050059456
16962.0,380,1,251.04,0,0.20327467
13466.0,154,5,1013.35,0,0.3978933
18279.0,489,1,231.34,0,0.012091976
12906.0,48,2,1936.5900000000001,1,0.29662934
16086.0,29,10,2864.9900000000002,0,0.50913644
13189.0,85,1,127.0,1,0.12761244
14481.0,135,5,2311.4900000000002,0,0.32176378
16758.0,35,1,369.34000000000003,0,0.21173383
15171.0,301,1,1289.5,0,0.08029503
17408.0,133,3,316.09000000000003,0,0.18220733
16539.0,190,9,3396.81,1,0.19192745
15769.0,1,45,85300.32,1,0.91511613
13285.0,131,5,2625.57,1,0.32176378
17746.0,210,4,904.1800000000001,0,0.12819062
17047.0,55,6,2289.23,0,0.33699557
17361.0,19,5,880.64,0,0.47730014
15042.0,169,2,315.45,0,0.14430767
14542.0,156,1,103.25,0,0.16669928
17910.0,696,1,261.7,0,0.0059908866
15958.0,44,4,492.99,0,0.25081274
18232.0,52,4,592.97,0,0.3322344
15203.0,50,14,4090.1,1,0.6461245
14736.0,455,2,401.08,0,0.023356365
14847.0,119,3,1348.95,0,0.13367058
14137.0,666,1,332.7,0,0.0070524435
14436.0,69,2,271.7,0,0.21112894
16075.0,473,2,736.9300000000001,0,0.014381038
17877.0,140,1,237.61,0,0.2063435
12578.0,300,3,3456.6,1,0.14164042
13795.0,358,4,836.3,0,0.19994392
16874.0,349,1,217.74,0,0.15916452
15683.0,87,2,524.54,0,0.23508169
15106.0,35,4,1302.46,1,0.33021414
18207.0,469,1,544.47,0,0.033431318
16411.0,339,3,827.04,1,0.2119542
14345.0,9,1,108.98,0,0.22105221
14532.0,206,11,3859.1800000000003,0,0.34852928
15599.0,174,2,937.15,1,0.20667513
15062.0,41,8,2585.62,0,0.45328215
16613.0,40,1,618.59,0,0.3422607
13991.0,22,3,540.25,1,0.35209116
16676.0,4,6,2361.9,0,0.42821655
17834.0,385,2,730.47,0,0.12277019
17677.0,6,51,35347.91,1,0.98984516
16919.0,126,24,5125.91,0,0.6806311
12687.0,451,2,2138.91,0,0.017769976
13056.0,521,1,209.48,0,0.028782628
12751.0,415,1,268.27,0,0.03735642
15846.0,355,1,107.01,0,0.06545289
14047.0,43,13,3903.88,1,0.5118413
16472.0,404,2,789.6,0,0.02089056
18039.0,344,4,579.17,0,0.17482771
16713.0,37,30,12939.57,1,0.86858195
16404.0,40,1,443.05,0,0.25579238
12922.0,131,1,405.38,0,0.21940964
14866.0,9,17,20315.66,1,0.75657976
13584.0,277,3,392.45,0,0.101299234
13803.0,225,3,1338.91,0,0.08251607
14715.0,65,7,1567.82,1,0.32897142
17861.0,106,15,4328.46,1,0.4910812
14848.0,375,1,310.56,0,0.13369446
12544.0,6,1,372.7,0,0.36437258
18220.0,197,6,1921.76,0,0.1870029
15467.0,115,2,402.56,1,0.21940964
18102.0,6,141,597050.03,1,0.98984516
16842.0,71,3,1264.19,0,0.15594697
16949.0,11,5,1204.23,1,0.4064954
14846.0,397,1,437.4,0,0.034821782
17092.0,20,11,5594.96,0,0.4587887
17730.0,13,18,6786.09,1,0.68827975
12909.0,10,8,3103.19,0,0.45453832
15600.0,398,4,1199.31,0,0.013120882
12396.0,644,1,931.4300000000001,0,0.018776214
16882.0,37,3,705.12,0,0.3325527
17008.0,399,1,81.36,0,0.020733004
14128.0,31,3,924.21,0,0.32403538
12454.0,26,5,16679.78,0,0.37470728
16873.0,32,11,12762.56,1,0.60873
14342.0,1,5,760.66,1,0.41494927
13759.0,3,2,659.4100000000001,0,0.47902352
15134.0,1,9,1444.91,1,0.28291705
13301.0,74,4,618.09,0,0.22939186
12581.0,10,1,197.71,0,0.4116209
14450.0,151,7,1128.44,0,0.3897111
18268.0,104,6,1490.23,0,0.3709081
15293.0,636,1,247.5,0,0.0064943926
13480.0,387,2,627.82,0,0.13728744
13849.0,22,5,3469.3,0,0.3423222
18135.0,2,9,1120.02,1,0.6135803
12741.0,499,2,406.07,0,0.11631669
15957.0,2,3,930.1,0,0.48694685
14829.0,154,6,1526.92,1,0.3706471
16641.0,76,2,554.5,0,0.21762098
15711.0,527,2,420.25,0,0.03240862
17051.0,164,4,714.39,0,0.1908453
16296.0,596,4,1313.67,0,0.025895564
14000.0,181,5,2046.34,0,0.3396059
15137.0,491,2,823.4,0,0.012638378
12601.0,160,6,681.26,0,0.1376445
14975.0,27,2,472.39,0,0.22159752
12397.0,6,2,2409.9,0,0.41799885
15138.0,364,1,502.52,0,0.108113505
14501.0,154,2,251.21,0,0.22306515
16450.0,120,3,1505.73,0,0.1448776
15275.0,8,1,615.14,0,0.37246972
15607.0,307,9,1708.97,0,0.16474637
16315.0,301,2,402.71,0,0.124584064
16627.0,49,1,322.8,0,0.2701603
14332.0,36,4,1662.5400000000002,1,0.3626824
12361.0,257,4,511.25,0,0.16360717
12429.0,143,7,6580.39,1,0.38249186
16544.0,490,4,376.70000000000005,0,0.015119817
16966.0,15,5,1489.81,1,0.46644518
16880.0,1,8,1840.86,0,0.20766822
14665.0,31,7,2749.65,0,0.34591535
17797.0,153,6,1477.8500000000001,1,0.4902198
14891.0,118,4,1106.73,0,0.23261303
15632.0,34,7,2978.96,1,0.3544933
14276.0,69,7,2102.68,0,0.34148735
16640.0,368,1,179.4,0,0.03699387
15026.0,50,5,1061.6100000000001,0,0.32089004
13932.0,265,1,307.4,0,0.10049182
14610.0,366,2,24.35,0,0.065452464
14680.0,42,57,56245.17,1,0.97374153
15723.0,335,4,947.65,0,0.119055055
14416.0,12,1,361.0,1,0.31230614
13579.0,339,4,1236.7,1,0.092686355
14070.0,655,1,326.55,0,0.007289195
13968.0,393,1,123.66,0,0.02360496
13488.0,13,22,14865.74,1,0.8920629
17381.0,37,36,39098.77,1,0.8293027
16999.0,44,1,245.82999999999998,1,0.31129032
13358.0,239,1,439.03000000000003,0,0.11962813
12682.0,8,46,21797.29,1,0.97666067
17878.0,14,3,1412.33,0,0.37976983
13139.0,3,7,7849.46,1,0.40923297
13033.0,327,2,220.55,0,0.12225443
17006.0,1,6,1244.15,1,0.19973123
17199.0,552,1,145.12,0,0.16169864
16547.0,516,1,111.71,0,0.04494821
14496.0,282,7,2668.23,0,0.27862975
17609.0,11,11,1894.34,0,0.53665644
14882.0,4,13,3286.35,1,0.5734225
16762.0,16,2,887.6,1,0.3474386
16189.0,55,1,144.48,1,0.14823158
16976.0,237,1,251.51999999999998,0,0.18231006
13034.0,25,3,922.68,0,0.33433485
12792.0,227,2,827.01,0,0.15087534
18152.0,616,1,426.69,0,0.026157003
14887.0,49,1,1862.0,0,0.29662934
15131.0,365,1,80.28,0,0.030032156
12927.0,365,1,197.31,0,0.12368358
16426.0,5,6,1155.91,1,0.35409245
16612.0,3,9,3245.4300000000003,0,0.4740385
16245.0,92,2,769.7,1,0.2156195
13628.0,646,1,310.14,0,0.0068681086
15931.0,398,1,239.9,0,0.029585036
17962.0,112,4,687.42,0,0.22528252
15205.0,55,2,653.24,0,0.2608741
14663.0,400,2,490.6,0,0.032735765
18144.0,1,18,4826.0,1,0.6565141
16998.0,120,5,402.0,0,0.24629697
14584.0,139,8,1747.91,0,0.3474887
17660.0,111,2,359.47,0,0.1765027
13782.0,18,12,1623.66,1,0.64087075
15021.0,56,9,2297.42,1,0.40031505
17162.0,101,9,1463.66,1,0.57568765
13150.0,454,3,449.96999999999997,0,0.021525223
17770.0,169,5,1143.27,0,0.23749629
15743.0,7,3,571.61,1,0.2975239
13975.0,1,12,5358.84,0,0.15860659
14911.0,2,360,269079.93,1,0.98642415
13957.0,388,3,458.25,0,0.099772796
14597.0,162,5,1483.49,1,0.28255296
16121.0,27,5,1477.09,0,0.4029122
17095.0,269,6,1792.05,1,0.1272902
12926.0,381,4,1548.46,0,0.038768888
15942.0,104,1,337.44,0,0.18483497
16179.0,31,1,215.83,0,0.19045432
15288.0,13,10,3883.13,0,0.62920415
17720.0,83,9,2460.57,1,0.37390774
13537.0,396,2,717.85,0,0.018753786
12930.0,48,2,415.8,0,0.196495
18098.0,366,1,550.84,0,0.16677418
14270.0,302,1,492.65000000000003,0,0.115944706
15050.0,41,4,3734.88,1,0.4461117
14634.0,408,4,2124.46,0,0.017386585
15928.0,626,1,293.53,0,0.008708009
16246.0,430,2,827.25,0,0.043401785
16124.0,287,4,1772.49,0,0.08372208
14038.0,48,5,3069.88,0,0.34766117
15056.0,490,1,133.45,0,0.014078922
12472.0,2,19,17880.59,0,0.8536217
15943.0,620,2,271.28999999999996,0,0.03897704
17362.0,209,7,1024.04,0,0.121044524
14945.0,384,1,179.4,0,0.047600754
17416.0,48,21,16283.84,1,0.87079513
12730.0,492,1,829.25,0,0.11837242
13413.0,610,6,429.44,0,0.026452651
15921.0,143,4,802.11,0,0.22507125
13403.0,358,2,154.5,1,0.079052016
14605.0,344,4,937.16,0,0.11423952
17724.0,41,3,1033.0,0,0.35873774
18013.0,125,2,187.29,0,0.0923652
12749.0,100,7,5561.71,1,0.27289596
18030.0,12,1,121.1,1,0.10834006
17551.0,329,1,306.84,0,0.105535865
13976.0,177,4,1192.3600000000001,0,0.25513914
14651.0,37,9,2034.1200000000001,0,0.3401655
14776.0,21,15,3708.2999999999997,0,0.63033473
14867.0,156,16,2952.06,0,0.29001993
15278.0,532,4,496.16,0,0.051035352
16555.0,5,6,1915.68,0,0.34839845
17922.0,513,1,170.4,0,0.033225045
12631.0,27,6,3481.57,0,0.34316298
14027.0,31,1,104.82,0,0.103772685
17594.0,55,4,2497.88,0,0.27761415
13399.0,434,3,275.4,0,0.0378745
15988.0,522,2,612.0600000000001,1,0.06107717
16795.0,335,3,2492.39,0,0.21319634
13253.0,127,4,2951.11,0,0.27951285
17027.0,49,9,1327.11,0,0.52485096
14379.0,14,4,1268.91,0,0.4204064
18163.0,554,1,728.84,0,0.050490275
12438.0,110,1,890.0699999999999,1,0.19309495
14181.0,381,2,310.55,0,0.114933275
18136.0,33,5,1631.3600000000001,0,0.33382004
17968.0,344,4,888.04,0,0.12231589
13454.0,611,1,219.87,0,0.022042248
15768.0,86,34,15601.09,0,0.4664786
14077.0,11,6,615.08,0,0.3500304
14464.0,538,2,111.0,0,0.03305373
16635.0,377,1,473.0,0,0.13003041
13496.0,330,1,501.01,1,0.12165945
18175.0,646,1,176.10000000000002,0,0.0050598686
12842.0,40,4,1917.99,0,0.3650812
16907.0,118,8,1438.13,1,0.45158622
12623.0,246,7,3747.84,0,0.20689163
15870.0,3,4,862.61,0,0.51348686
16199.0,362,7,942.75,0,0.10629442
15197.0,223,5,1571.1499999999999,1,0.13757783
17687.0,391,1,432.68,0,0.13543677
16746.0,6,39,16999.6,1,0.9800816
14116.0,1,4,1169.82,1,0.104026936
15858.0,30,12,3769.36,1,0.5406559
16733.0,500,1,259.68,0,0.07736114
15264.0,34,2,848.4,0,0.3128134
18118.0,15,26,6071.19,1,0.915512
16776.0,30,2,619.85,0,0.32983336
12400.0,384,1,205.25,0,0.15049362
13627.0,29,7,2245.9,0,0.3327324
13892.0,23,5,1206.45,1,0.3350093
18200.0,76,1,163.8,0,0.12392599
18032.0,304,1,73.5,0,0.045350373
17209.0,619,3,611.6,0,0.06573379
14553.0,3,8,1700.06,1,0.5454574
17506.0,46,1,302.2,0,0.32197094
18104.0,7,1,754.64,0,0.45341283
15574.0,148,6,1518.7,0,0.3398583
16148.0,266,2,386.62,0,0.11594894
16127.0,9,2,801.3100000000001,0,0.36977234
15448.0,283,2,788.8100000000001,0,0.16234618
17691.0,328,4,780.0500000000001,0,0.19455242
15257.0,253,2,685.9,0,0.13563056
14185.0,301,1,197.65,0,0.10814169
17411.0,46,4,1215.88,1,0.30205113
15115.0,703,1,191.74,1,0.005130668
17372.0,11,28,4377.56,0,0.56489104
14909.0,407,3,1404.68,0,0.022441309
12427.0,30,2,889.58,1,0.32222652
13851.0,66,8,4606.46,0,0.3442073
15892.0,639,1,128.2,0,0.008321959
16507.0,542,1,152.76,0,0.14597681
16573.0,55,2,663.61,0,0.2608741
14061.0,477,3,917.4300000000001,0,0.0153322425
17250.0,231,1,162.65,1,0.03198678
13785.0,399,4,542.49,0,0.020435754
15793.0,10,7,2045.96,1,0.43808657
15036.0,42,3,465.55,0,0.21381289
16372.0,3,5,1328.61,0,0.4767557
15807.0,20,5,1817.52,0,0.33343878
14373.0,328,1,76.55,0,0.04145328
12747.0,37,24,8525.31,1,0.8318569
13728.0,7,16,2855.17,0,0.64785075
16448.0,168,2,367.87,0,0.10572906
13359.0,34,2,1043.31,0,0.31256175
17094.0,292,2,402.20000000000005,0,0.124584064
13093.0,246,55,54943.65,0,0.468295
16266.0,44,14,1757.95,0,0.5602103
18196.0,65,4,1464.31,0,0.28077722
17681.0,567,5,731.2,0,0.040403616
14303.0,377,2,277.94,0,0.18381679
13977.0,381,1,519.8100000000001,0,0.19410495
17075.0,223,9,2103.68,1,0.29707974
15834.0,40,7,3772.99,0,0.40538004
12561.0,273,1,238.85,0,0.13013266
17625.0,22,7,5640.0,1,0.30974373
13080.0,149,4,280.73,0,0.21487261
15368.0,364,1,275.8,1,0.15057945
15726.0,360,1,321.91,0,0.11567856
13089.0,2,193,108689.44,1,0.98642415
12534.0,101,1,1089.18,0,0.14404076
13572.0,176,1,1384.25,0,0.19350177
16314.0,360,3,1491.4,0,0.09863587
17430.0,3,4,735.17,0,0.4902625
16781.0,342,2,934.25,0,0.124280624
15048.0,35,4,482.75,0,0.2751779
13319.0,37,53,19485.53,1,0.9625499
14274.0,656,1,256.6,0,0.0062720748
13428.0,484,2,281.51,1,0.01916503
13278.0,11,4,1435.85,0,0.34659165
15636.0,60,4,1444.58,0,0.21993878
16987.0,12,10,2303.97,1,0.57180244
17876.0,370,3,3424.02,0,0.1460026
13287.0,573,3,781.59,0,0.05026166
17312.0,109,3,644.3,0,0.18883696
15395.0,296,1,107.45,0,0.09903835
13130.0,64,1,64.0,0,0.07370454
13723.0,187,6,1209.2,0,0.108996004
13381.0,2,12,8224.37,0,0.63258505
17035.0,216,4,613.59,0,0.15805566
